<?xml version="1.0" encoding="UTF-8"?>
<package id="1" uuid="f68d26f2-6680-4a65-963e-d1cc3632beeb">
  <dateCreated id="2">2019-06-25 10:01:15</dateCreated>
  <name>PatientIdentifierType-1</name>
  <description>PatientIdentifierType</description>
  <openmrsVersion>2.1.1  Build 725db5</openmrsVersion>
  <version>1</version>
  <groupUuid>eb626dfb-df46-4f11-8a13-1ffdfb57b449</groupUuid>
  <modules id="3">
    <entry>
      <string>calculation</string>
      <string>1.2</string>
    </entry>
    <entry>
      <string>legacyui</string>
      <string>1.3.3</string>
    </entry>
    <entry>
      <string>metadatasharing</string>
      <string>1.2.2</string>
    </entry>
    <entry>
      <string>elisatomfeedclient</string>
      <string>0.91-SNAPSHOT</string>
    </entry>
    <entry>
      <string>bedmanagement</string>
      <string>5.8.1</string>
    </entry>
    <entry>
      <string>providermanagement</string>
      <string>2.5.0</string>
    </entry>
    <entry>
      <string>bacteriology</string>
      <string>1.1</string>
    </entry>
    <entry>
      <string>htmlwidgets</string>
      <string>1.8.0</string>
    </entry>
    <entry>
      <string>reference-data</string>
      <string>0.91-SNAPSHOT</string>
    </entry>
    <entry>
      <string>operationtheater</string>
      <string>1.2.0</string>
    </entry>
    <entry>
      <string>addresshierarchy</string>
      <string>2.12.0-SNAPSHOT</string>
    </entry>
    <entry>
      <string>reportingrest</string>
      <string>1.10.0</string>
    </entry>
    <entry>
      <string>uiframework</string>
      <string>3.8</string>
    </entry>
    <entry>
      <string>rulesengine</string>
      <string>0.91-SNAPSHOT</string>
    </entry>
    <entry>
      <string>idgen-webservices</string>
      <string>1.2-SNAPSHOT</string>
    </entry>
    <entry>
      <string>event</string>
      <string>2.5</string>
    </entry>
    <entry>
      <string>uicommons</string>
      <string>2.0</string>
    </entry>
    <entry>
      <string>reporting</string>
      <string>1.16.0</string>
    </entry>
    <entry>
      <string>emrapi</string>
      <string>1.24.5</string>
    </entry>
    <entry>
      <string>episodes</string>
      <string>1.0-SNAPSHOT</string>
    </entry>
    <entry>
      <string>appointments</string>
      <string>1.2-SNAPSHOT</string>
    </entry>
    <entry>
      <string>idgen</string>
      <string>4.4.1</string>
    </entry>
    <entry>
      <string>auditlog</string>
      <string>1.1-SNAPSHOT</string>
    </entry>
    <entry>
      <string>bahmnicore</string>
      <string>0.92-SNAPSHOT</string>
    </entry>
    <entry>
      <string>uilibrary</string>
      <string>2.0.5</string>
    </entry>
    <entry>
      <string>initializer</string>
      <string>1.2.0-SNAPSHOT</string>
    </entry>
    <entry>
      <string>appframework</string>
      <string>2.10.0</string>
    </entry>
    <entry>
      <string>webservices.rest</string>
      <string>2.25.0-SNAPSHOT.193a64</string>
    </entry>
    <entry>
      <string>openmrs-atomfeed</string>
      <string>2.5.6</string>
    </entry>
    <entry>
      <string>owa</string>
      <string>1.9.0</string>
    </entry>
    <entry>
      <string>metadatamapping</string>
      <string>1.3.1</string>
    </entry>
    <entry>
      <string>bahmni.ie.apps</string>
      <string>0.91-SNAPSHOT</string>
    </entry>
    <entry>
      <string>serialization.xstream</string>
      <string>0.2.12</string>
    </entry>
  </modules>
  <items class="linked-hash-set" id="4">
    <org.openmrs.module.metadatasharing.Item id="5" uuid="2042b38a-fbee-4d58-812e-496022130419">
      <id>5</id>
      <classname>org.openmrs.PatientIdentifierType</classname>
      <dateChanged id="6">2019-02-28 12:37:57</dateChanged>
      <retired>false</retired>
    </org.openmrs.module.metadatasharing.Item>
    <org.openmrs.module.metadatasharing.Item id="7" uuid="d66a7f67-f559-4ef4-87c8-128de0db22f0">
      <id>6</id>
      <classname>org.openmrs.PatientIdentifierType</classname>
      <dateChanged id="8">2019-06-25 09:32:55</dateChanged>
      <retired>false</retired>
    </org.openmrs.module.metadatasharing.Item>
    <org.openmrs.module.metadatasharing.Item id="9" uuid="a9f7dc56-fae1-40e6-9357-06a75a569123">
      <id>11</id>
      <classname>org.openmrs.PatientIdentifierType</classname>
      <dateChanged id="10">2019-06-25 09:31:16</dateChanged>
      <retired>false</retired>
    </org.openmrs.module.metadatasharing.Item>
    <org.openmrs.module.metadatasharing.Item id="11" uuid="270d55d3-337d-4a18-ba21-fe521b3f55e3">
      <id>7</id>
      <classname>org.openmrs.PatientIdentifierType</classname>
      <dateChanged id="12">2019-06-25 09:31:39</dateChanged>
      <retired>false</retired>
    </org.openmrs.module.metadatasharing.Item>
    <org.openmrs.module.metadatasharing.Item id="13" uuid="d7372b19-2f36-44df-9113-9c483f4410c9">
      <id>8</id>
      <classname>org.openmrs.PatientIdentifierType</classname>
      <dateChanged id="14">2019-06-25 09:31:56</dateChanged>
      <retired>false</retired>
    </org.openmrs.module.metadatasharing.Item>
    <org.openmrs.module.metadatasharing.Item id="15" uuid="f9870d29-1c19-4bc8-9e42-ca237355c9b8">
      <id>9</id>
      <classname>org.openmrs.PatientIdentifierType</classname>
      <dateChanged id="16">2019-06-25 09:33:14</dateChanged>
      <retired>false</retired>
    </org.openmrs.module.metadatasharing.Item>
    <org.openmrs.module.metadatasharing.Item id="17" uuid="64e7547a-21b5-4cd1-8607-4d29edccb45a">
      <id>10</id>
      <classname>org.openmrs.PatientIdentifierType</classname>
      <dateChanged id="18">2019-06-25 09:32:31</dateChanged>
      <retired>false</retired>
    </org.openmrs.module.metadatasharing.Item>
  </items>
  <relatedItems class="linked-hash-set" id="19"/>
</package>
