<?xml version="1.0" encoding="UTF-8"?>
<list id="1">
  <org.openmrs.PatientIdentifierType id="2" uuid="2042b38a-fbee-4d58-812e-496022130419">
    <name>REGISTRATION_IDTYPE_1_CNI_KEY</name>
    <description>Cameroon national identifier</description>
    <creator/>
    <dateCreated id="3">2019-02-26 08:26:34</dateCreated>
    <dateChanged id="4">2019-02-28 12:37:57</dateChanged>
    <retired>false</retired>
    <patientIdentifierTypeId>5</patientIdentifierTypeId>
    <required>false</required>
    <checkDigit>false</checkDigit>
    <locationBehavior>NOT_USED</locationBehavior>
    <uniquenessBehavior>UNIQUE</uniquenessBehavior>
  </org.openmrs.PatientIdentifierType>
  <org.openmrs.PatientIdentifierType id="5" uuid="d66a7f67-f559-4ef4-87c8-128de0db22f0">
    <name>REGISTRATION_IDTYPE_6_RECEIPT_KEY</name>
    <description>Receipt number</description>
    <creator/>
    <dateCreated id="6">2019-02-26 08:30:37</dateCreated>
    <changedBy/>
    <dateChanged id="7">2019-06-25 09:32:55</dateChanged>
    <retired>false</retired>
    <patientIdentifierTypeId>6</patientIdentifierTypeId>
    <required>false</required>
    <checkDigit>false</checkDigit>
    <locationBehavior>NOT_USED</locationBehavior>
    <uniquenessBehavior>UNIQUE</uniquenessBehavior>
  </org.openmrs.PatientIdentifierType>
  <org.openmrs.PatientIdentifierType id="8" uuid="a9f7dc56-fae1-40e6-9357-06a75a569123">
    <name>REGISTRATION_IDTYPE_2_UIN_KEY</name>
    <description>Unique identification NIC</description>
    <creator/>
    <dateCreated id="9">2019-06-25 09:30:52</dateCreated>
    <changedBy/>
    <dateChanged id="10">2019-06-25 09:31:16</dateChanged>
    <retired>false</retired>
    <patientIdentifierTypeId>11</patientIdentifierTypeId>
    <required>false</required>
    <checkDigit>false</checkDigit>
    <locationBehavior>NOT_USED</locationBehavior>
    <uniquenessBehavior>UNIQUE</uniquenessBehavior>
  </org.openmrs.PatientIdentifierType>
  <org.openmrs.PatientIdentifierType id="11" uuid="270d55d3-337d-4a18-ba21-fe521b3f55e3">
    <name>REGISTRATION_IDTYPE_3_ART_KEY</name>
    <description>Antiretroviral therapy number</description>
    <creator/>
    <dateCreated id="12">2019-02-26 08:27:07</dateCreated>
    <changedBy/>
    <dateChanged id="13">2019-06-25 09:31:39</dateChanged>
    <retired>false</retired>
    <patientIdentifierTypeId>7</patientIdentifierTypeId>
    <required>false</required>
    <checkDigit>false</checkDigit>
    <locationBehavior>NOT_USED</locationBehavior>
    <uniquenessBehavior>UNIQUE</uniquenessBehavior>
  </org.openmrs.PatientIdentifierType>
  <org.openmrs.PatientIdentifierType id="14" uuid="d7372b19-2f36-44df-9113-9c483f4410c9">
    <name>REGISTRATION_IDTYPE_4_ANC_KEY</name>
    <description>ANC</description>
    <creator/>
    <dateCreated id="15">2019-03-05 09:26:05</dateCreated>
    <changedBy/>
    <dateChanged id="16">2019-06-25 09:31:56</dateChanged>
    <retired>false</retired>
    <patientIdentifierTypeId>8</patientIdentifierTypeId>
    <required>false</required>
    <checkDigit>false</checkDigit>
    <locationBehavior>NOT_USED</locationBehavior>
    <uniquenessBehavior>UNIQUE</uniquenessBehavior>
  </org.openmrs.PatientIdentifierType>
  <org.openmrs.PatientIdentifierType id="17" uuid="f9870d29-1c19-4bc8-9e42-ca237355c9b8">
    <name>REGISTRATION_IDTYPE_7_OTHER_KEY</name>
    <description>Other identification type</description>
    <creator/>
    <dateCreated id="18">2019-02-26 08:31:05</dateCreated>
    <changedBy/>
    <dateChanged id="19">2019-06-25 09:33:14</dateChanged>
    <retired>false</retired>
    <patientIdentifierTypeId>9</patientIdentifierTypeId>
    <required>false</required>
    <checkDigit>false</checkDigit>
    <locationBehavior>NOT_USED</locationBehavior>
    <uniquenessBehavior>UNIQUE</uniquenessBehavior>
  </org.openmrs.PatientIdentifierType>
  <org.openmrs.PatientIdentifierType id="20" uuid="64e7547a-21b5-4cd1-8607-4d29edccb45a">
    <name>REGISTRATION_IDTYPE_5_PASSPORT_KEY</name>
    <description>Passport</description>
    <creator/>
    <dateCreated id="21">2019-02-26 08:30:10</dateCreated>
    <changedBy/>
    <dateChanged id="22">2019-06-25 09:32:31</dateChanged>
    <retired>false</retired>
    <patientIdentifierTypeId>10</patientIdentifierTypeId>
    <required>false</required>
    <checkDigit>false</checkDigit>
    <locationBehavior>NOT_USED</locationBehavior>
    <uniquenessBehavior>UNIQUE</uniquenessBehavior>
  </org.openmrs.PatientIdentifierType>
</list>
